Workbook

Sheet Instructions
A1: FIFA WORLD CUP 2026 TIPPING GAME
A3: HOW TO USE THIS WORKBOOK:
A5: TABLE 1: MatchesMaster
A6: - Contains all 104 official FIFA World Cup 2026 matches
A7: - Group Stage: Matches M01-M72 (June 11-27, 2026)
A8: - Round of 32: Matches M73-M88 (June 28 - July 3, 2026)
A9: - Round of 16: Matches M89-M96 (July 4-7, 2026)
A10: - Quarter-Finals: Matches M97-M100 (July 9-11, 2026)
A11: - Semi-Finals: Matches M101-M102 (July 14-15, 2026)
A12: - Bronze Final: Match M103 (July 18, 2026)
A13: - Final: Match M104 (July 19, 2026)
A14: - Enter real scores in RealScoreA and RealScoreB columns as matches complete
... A38: - Hosts: Canada, Mexico, USA (Groups A, B, D)

Sheet WC2026
A1: MATCHES MASTER | I1: USER TIPS | V1: 🏆 Leaderboard | Z1: 📧 USEREMAILS
A2: MatchID | B2: Date | C2: Group | D2: TeamA | E2: TeamB | F2: RealScoreA | G2: RealScoreB | I2: TipID | J2: UserEmail | K2: MatchID | L2: Date | M2: Group | N2: TeamA | O2: TeamB | P2: GuessA | Q2: GuessB | R2: PointsEarned | V2: UserEmail | W2: Nickname | X2: TotalPoints | Z2: UserEmail
A3: M01 | B3: 46184 | C3: Group A | D3: Mexico | E3: South Africa | V3: {=IFERROR(INDEX(_xlfn.ANCHORARRAY(_Calc!$A$2),ROW()-ROW($V$2),1),"")} | W3: {=IFERROR(INDEX(_xlfn.ANCHORARRAY(_Calc!$A$2),ROW()-ROW($V$2),2),"")} | X3: {=IFERROR(INDEX(_xlfn.ANCHORARRAY(_Calc!$A$2),ROW()-ROW($V$2),3),"")} | Z3: {=IFERROR(INDEX(_xlfn.ANCHORARRAY(_Calc!$A$2),ROW()-ROW($Z$2),1),"")}
A4: M02 | B4: 46184 | C4: Group A | D4: Korea Republic | E4: Czech Republic | Z4: {=IFERROR(INDEX(_xlfn.ANCHORARRAY(_Calc!$A$2),ROW()-ROW($Z$2),1),"")}
A5: M03 | B5: 46185 | C5: Group B | D5: Canada | E5: Bosnia and Herzegowina | Z5: {=IFERROR(INDEX(_xlfn.ANCHORARRAY(_Calc!$A$2),ROW()-ROW($Z$2),1),"")}
A6: M04 | B6: 46185 | C6: Group D | D6: USA | E6: Paraguay | Z6: {=IFERROR(INDEX(_xlfn.ANCHORARRAY(_Calc!$A$2),ROW()-ROW($Z$2),1),"")}
A7: M05 | B7: 46186 | C7: Group C | D7: Brazil | E7: Morocco | Z7: {=IFERROR(INDEX(_xlfn.ANCHORARRAY(_Calc!$A$2),ROW()-ROW($Z$2),1),"")}
A8: M06 | B8: 46186 | C8: Group D | D8: Australia | E8: Türkiye | Z8: {=IFERROR(INDEX(_xlfn.ANCHORARRAY(_Calc!$A$2),ROW()-ROW($Z$2),1),"")}
A9: M07 | B9: 46186 | C9: Group C | D9: Haiti | E9: Scotland | Z9: {=IFERROR(INDEX(_xlfn.ANCHORARRAY(_Calc!$A$2),ROW()-ROW($Z$2),1),"")}
A10: M08 | B10: 46186 | C10: Group B | D10: Qatar | E10: Switzerland | Z10: {=IFERROR(INDEX(_xlfn.ANCHORARRAY(_Calc!$A$2),ROW()-ROW($Z$2),1),"")}
A11: M09 | B11: 46187 | C11: Group E | D11: Cote d'Ivoire | E11: Ecuador | Z11: {=IFERROR(INDEX(_xlfn.ANCHORARRAY(_Calc!$A$2),ROW()-ROW($Z$2),1),"")}
A12: M10 | B12: 46187 | C12: Group E | D12: Germany | E12: Curacao | Z12: {=IFERROR(INDEX(_xlfn.ANCHORARRAY(_Calc!$A$2),ROW()-ROW($Z$2),1),"")}
A13: M11 | B13: 46187 | C13: Group F | D13: Netherlands | E13: Japan | Z13: {=IFERROR(INDEX(_xlfn.ANCHORARRAY(_Calc!$A$2),ROW()-ROW($Z$2),1),"")}
A14: M12 | B14: 46187 | C14: Group F | D14: Sweden | E14: Tunisia | Z14: {=IFERROR(INDEX(_xlfn.ANCHORARRAY(_Calc!$A$2),ROW()-ROW($Z$2),1),"")}
A15: M13 | B15: 46188 | C15: Group H | D15: Saudi Arabia | E15: Uruguay | Z15: {=IFERROR(INDEX(_xlfn.ANCHORARRAY(_Calc!$A$2),ROW()-ROW($Z$2),1),"")}
... A26: M24 | B26: 46190 | C26: Group K | D26: Uzbekistan | E26: Colombia | Z26: {=IFERROR(INDEX(_xlfn.ANCHORARRAY(_Calc!$A$2),ROW()-ROW($Z$2),1),"")}
A27: M25 | B27: 46191 | C27: Group A | D27: Czech Republic | E27: South Africa
A28: M26 | B28: 46191 | C28: Group B | D28: Switzerland | E28: Bosnia and Herzegowina
A29: M27 | B29: 46191 | C29: Group B | D29: Canada | E29: Qatar
A30: M28 | B30: 46191 | C30: Group A | D30: Mexico | E30: Korea Republic
A31: M29 | B31: 46192 | C31: Group C | D31: Brazil | E31: Haiti
A32: M30 | B32: 46192 | C32: Group C | D32: Scotland | E32: Morocco
A33: M31 | B33: 46192 | C33: Group D | D33: Türkiye | E33: Paraguay
A34: M32 | B34: 46192 | C34: Group D | D34: USA | E34: Australia
A35: M33 | B35: 46193 | C35: Group E | D35: Germany | E35: Cote d'Ivoire
A36: M34 | B36: 46193 | C36: Group E | D36: Ecuador | E36: Curacao
A37: M35 | B37: 46193 | C37: Group F | D37: Netherlands | E37: Sweden
A38: M36 | B38: 46193 | C38: Group F | D38: Tunisia | E38: Japan
... A106: M104 | B106: 46222 | C106: Final | D106: Winner M101 | E106: Winner M102

Sheet _Calc
A1: UserEmail | B1: Nickname | C1: TotalPoints
A2: {=IFERROR(_xlfn.LET(_xlpm.em,_xlfn._xlws.FILTER(UserTips[UserEmail],UserTips[UserEmail]<>""),_xlpm.u,_xlfn._xlws.SORT(_xlfn.UNIQUE(_xlpm.em)),_xlpm.pts,SUMIFS(UserTips[PointsEarned],UserTips[UserEmail],_xlpm.u),_xlpm.nick,_xlfn.MAKEARRAY(ROWS(_xlpm.u),1,_xlfn.LAMBDA(_xlpm.r,_xlpm.c,"")),_xlfn.SORTBY(_xlfn.HSTACK(_xlpm.u,_xlpm.nick,_xlpm.pts),_xlpm.pts,-1)),_xlfn.HSTACK("","",""))}
